{
    "all_time": {
        "Revenue":[
            90028.8798626661,
            100151.3200438023,
            65148.4701495171,
            3415.6199951172,
            94961.4102144241,
            138121.1401443481,
            96296.6501159668,
            271809.9304523468,
            9719.9300270081,
            19607.2499952316,
            56721.7398958206,
            287214.519701004,
            98275.1404151917,
            44344.2101573944,
            33776.1500378847,
            113370.7103404999,
            21129.9600558281,
            118308.6101882458,
            32053.9400136471,
            14400.139980793,
            28669.0600070953,
            143261.4399003983,
            181314.5901002884,
            137900.6501712799,
            105080.7703375816,
            46159.3000397682
        ],
        "Category":[
            "Accessories",
            "Active",
            "Blazers & Jackets",
            "Clothing Sets",
            "Dresses",
            "Fashion Hoodies & Sweatshirts",
            "Intimates",
            "Jeans",
            "Jumpsuits & Rompers",
            "Leggings",
            "Maternity",
            "Outerwear & Coats",
            "Pants",
            "Pants & Capris",
            "Plus",
            "Shorts",
            "Skirts",
            "Sleep & Lounge",
            "Socks",
            "Socks & Hosiery",
            "Suits",
            "Suits & Sport Coats",
            "Sweaters",
            "Swim",
            "Tops & Tees",
            "Underwear"
        ]
    },
    "current_year": {
        "Revenue":[
            34743.3099404573,
            40176.890024662,
            25090.9200391769,
            1611.7699966431,
            37491.8300828934,
            56788.4700622559,
            38049.2300510406,
            104133.3401470184,
            3913.6800146103,
            7763.4100027084,
            23270.8399624825,
            121669.3599224091,
            40353.0701408386,
            14874.8200397491,
            11940.5800147057,
            43783.5001320839,
            8519.1800146103,
            46451.8300943375,
            12802.9300031662,
            6227.1699836254,
            12118.4399967194,
            59359.1099758148,
            70504.060049057,
            52711.8200826645,
            41304.510137558,
            18018.7300205231
        ],
        "Category":[
            "Accessories",
            "Active",
            "Blazers & Jackets",
            "Clothing Sets",
            "Dresses",
            "Fashion Hoodies & Sweatshirts",
            "Intimates",
            "Jeans",
            "Jumpsuits & Rompers",
            "Leggings",
            "Maternity",
            "Outerwear & Coats",
            "Pants",
            "Pants & Capris",
            "Plus",
            "Shorts",
            "Skirts",
            "Sleep & Lounge",
            "Socks",
            "Socks & Hosiery",
            "Suits",
            "Suits & Sport Coats",
            "Sweaters",
            "Swim",
            "Tops & Tees",
            "Underwear"
        ]
    }, 
    "current_month": {
        "Revenue":[
            5596.289993763,
            4149.92000103,
            3428.0999975204,
            190.9600028992,
            5300.6499986649,
            6853.3300104141,
            4870.8000125885,
            12554.070022583,
            823.5600032806,
            318.6999979019,
            2947.1299953461,
            17425.8099575043,
            4488.7000293732,
            1356.4500112534,
            1922.3899941444,
            5318.5900120735,
            993.5200014114,
            5750.5500259399,
            3781.1900017262,
            644.9199991226,
            1253.25,
            8908.3800239563,
            10531.1100082397,
            6954.6500244141,
            5008.5900044441,
            2103.0200042725
        ],
        "Category":[
            "Accessories",
            "Active",
            "Blazers & Jackets",
            "Clothing Sets",
            "Dresses",
            "Fashion Hoodies & Sweatshirts",
            "Intimates",
            "Jeans",
            "Jumpsuits & Rompers",
            "Leggings",
            "Maternity",
            "Outerwear & Coats",
            "Pants",
            "Pants & Capris",
            "Plus",
            "Shorts",
            "Skirts",
            "Sleep & Lounge",
            "Socks",
            "Socks & Hosiery",
            "Suits",
            "Suits & Sport Coats",
            "Sweaters",
            "Swim",
            "Tops & Tees",
            "Underwear"
        ]
    }
}