{
    "all_time":{
        "Revenue":2593182.42231768,
        "AOV":65.2028468562,
        "RPR":37.4981250937,
        "CR":44.9951659684
    },
    "previous_month": {
        "Revenue":130253.9500682354,
        "AOV":67.2451987962,
        "RPR":29.6664300923,
        "CR":45.3428458185
    },
    "current_month": {
        "Revenue":164295.1702020168,
        "AOV":65.506347489,
        "RPR":28.2009724473,
        "CR":46.9621530698
    }, 
    "previous_year": {
        "Revenue":619748.150650382,
        "AOV":66.0712314126,
        "RPR":33.5168923947,
        "CR":45.0280195541
    },
    "current_year": {
        "Revenue":933672.8009318113,
        "AOV":66.1897632874,
        "RPR":34.2914572864,
        "CR":44.9958241591
    }
}